Student{ID='2901121070018', firstName='Bogacs', lastName='Katalin'}
Student{ID='1780824043217', firstName='Godri', lastName='Istvan'}
Student{ID='1861018060618', firstName='Bege', lastName='Istvan'}
Student{ID='1670513010018', firstName='Nemes', lastName='Levente'}
Student{ID='2820614052018', firstName='Kovacs', lastName='Emese'}
Student{ID='2891220070818', firstName='Berekmeri', lastName='Emoke'}
Student{ID='2840816060418', firstName='Kerekes', lastName='Izabella'}
Student{ID='1800923051246', firstName='Juhasz', lastName='Jacint'}
Student{ID='1661022062347', firstName='Biro', lastName='Arpas'}
Student{ID='2810513041018', firstName='Zsido', lastName='Maria'}
