Student{ID='2820614052018', firstName='Kovacs', lastName='Emese'}
Student{ID='2891220070818', firstName='Berekmeri', lastName='Emoke'}
Student{ID='2840816060418', firstName='Kerekes', lastName='Izabella'}
Student{ID='1720626020015', firstName='Biro', lastName='Tamas'}
Student{ID='2750725031236', firstName='Nemes', lastName='Csilla'}
Student{ID='1850917060518', firstName='Bodo', lastName='Elod'}
Student{ID='1661022062347', firstName='Biro', lastName='Arpas'}
Student{ID='1780824043217', firstName='Godri', lastName='Istvan'}
Student{ID='1670513010018', firstName='Nemes', lastName='Levente'}
Student{ID='2830715053018', firstName='Janosi', lastName='Kinga'}
